,team_won,team_lost,winning_score,losing_score,winning_rank,losing_rank
0,ENCE,mousesports,2,0,22,8
1,ENCE,mousesports,2,1,22,8
2,ENCE,mousesports,2,1,22,8
3,ENCE,mousesports,16,12,22,8
4,Endpoint,mousesports,2,1,26,8
5,Endpoint,mousesports,2,0,26,8
6,NIP,mousesports,2,1,6,8
7,NIP,mousesports,2,1,6,8
8,NIP,mousesports,2,0,6,8
9,NIP,mousesports,16,14,6,8
10,NIP,mousesports,16,7,6,8
11,NIP,mousesports,16,12,6,8
12,NIP,mousesports,16,9,6,8
13,NIP,mousesports,19,17,6,8
14,NIP,mousesports,16,13,6,8
15,NIP,mousesports,2,0,6,8
16,NIP,mousesports,16,6,6,8
17,NIP,mousesports,16,9,6,8
18,NIP,mousesports,16,8,6,8
19,NIP,mousesports,16,5,6,8
20,NIP,mousesports,16,13,6,8
21,NIP,mousesports,16,10,6,8
22,NIP,mousesports,2,0,6,8
23,Gambit,mousesports,2,0,1,8
24,Gambit,mousesports,2,1,1,8
25,Gambit,mousesports,2,1,1,8
26,Natus Vincere,mousesports,16,14,2,8
27,Natus Vincere,mousesports,2,1,2,8
28,Natus Vincere,mousesports,2,1,2,8
29,Natus Vincere,mousesports,2,1,2,8
30,Natus Vincere,mousesports,16,14,2,8
31,Natus Vincere,mousesports,16,8,2,8
32,Natus Vincere,mousesports,2,1,2,8
33,Natus Vincere,mousesports,2,0,2,8
34,Natus Vincere,mousesports,16,5,2,8
35,Natus Vincere,mousesports,2,0,2,8
36,Natus Vincere,mousesports,2,0,2,8
37,Natus Vincere,mousesports,16,3,2,8
38,Natus Vincere,mousesports,16,10,2,8
39,Natus Vincere,mousesports,2,0,2,8
40,Natus Vincere,mousesports,2,0,2,8
41,Natus Vincere,mousesports,16,13,2,8
42,G2,mousesports,2,0,3,8
43,G2,mousesports,2,0,3,8
44,G2,mousesports,2,1,3,8
45,G2,mousesports,2,1,3,8
46,G2,mousesports,2,1,3,8
47,G2,mousesports,16,3,3,8
48,G2,mousesports,16,2,3,8
49,G2,mousesports,16,9,3,8
50,G2,mousesports,16,7,3,8
51,G2,mousesports,16,11,3,8
52,G2,mousesports,16,10,3,8
53,G2,mousesports,16,10,3,8
54,G2,mousesports,16,6,3,8
55,G2,mousesports,2,1,3,8
56,DBL PONEY,mousesports,16,12,27,8
57,BIG,mousesports,2,1,9,8
58,BIG,mousesports,16,14,9,8
59,BIG,mousesports,16,9,9,8
60,BIG,mousesports,19,16,9,8
61,BIG,mousesports,19,17,9,8
62,BIG,mousesports,16,10,9,8
63,Complexity,mousesports,2,1,13,8
64,Complexity,mousesports,2,0,13,8
65,OG,mousesports,2,0,11,8
66,OG,mousesports,2,1,11,8
67,Vitality,mousesports,2,0,10,8
68,Vitality,mousesports,2,0,10,8
69,Vitality,mousesports,2,0,10,8
70,Vitality,mousesports,2,1,10,8
71,Vitality,mousesports,2,1,10,8
72,Vitality,mousesports,2,0,10,8
73,Vitality,mousesports,2,1,10,8
74,Virtus.pro,mousesports,2,0,5,8
75,Virtus.pro,mousesports,16,11,5,8
76,Virtus.pro,mousesports,2,0,5,8
77,Virtus.pro,mousesports,16,8,5,8
78,Virtus.pro,mousesports,16,9,5,8
79,Virtus.pro,mousesports,19,15,5,8
80,Virtus.pro,mousesports,2,0,5,8
81,Virtus.pro,mousesports,16,11,5,8
82,Virtus.pro,mousesports,16,6,5,8
83,Virtus.pro,mousesports,16,12,5,8
84,Virtus.pro,mousesports,16,5,5,8
85,Virtus.pro,mousesports,2,0,5,8
86,Spirit,mousesports,2,0,15,8
87,Astralis,mousesports,2,0,7,8
88,Astralis,mousesports,2,0,7,8
89,Astralis,mousesports,3,1,7,8
90,Astralis,mousesports,2,1,7,8
91,Astralis,mousesports,2,1,7,8
92,Astralis,mousesports,2,1,7,8
93,Astralis,mousesports,2,0,7,8
94,Astralis,mousesports,2,0,7,8
95,Astralis,mousesports,16,10,7,8
96,Astralis,mousesports,16,5,7,8
97,Astralis,mousesports,2,0,7,8
98,Astralis,mousesports,16,7,7,8
99,Astralis,mousesports,16,5,7,8
100,Astralis,mousesports,16,14,7,8
101,Astralis,mousesports,16,11,7,8
102,Astralis,mousesports,16,12,7,8
103,Astralis,mousesports,16,4,7,8
104,Heroic,mousesports,16,13,4,8
105,Heroic,mousesports,16,11,4,8
106,Liquid,mousesports,2,0,14,8
107,Liquid,mousesports,2,0,14,8
108,Liquid,mousesports,2,1,14,8
109,Liquid,mousesports,2,1,14,8
110,Liquid,mousesports,16,4,14,8
111,Liquid,mousesports,16,10,14,8
112,fnatic,mousesports,2,0,30,8
113,fnatic,mousesports,3,2,30,8
114,fnatic,mousesports,2,0,30,8
115,fnatic,mousesports,2,0,30,8
116,fnatic,mousesports,16,13,30,8
117,fnatic,mousesports,16,6,30,8
118,fnatic,mousesports,16,14,30,8
119,fnatic,mousesports,16,11,30,8
120,fnatic,mousesports,16,14,30,8
121,fnatic,mousesports,16,12,30,8
122,fnatic,mousesports,16,4,30,8
123,fnatic,mousesports,2,0,30,8
124,fnatic,mousesports,16,4,30,8
125,fnatic,mousesports,2,0,30,8
126,fnatic,mousesports,2,0,30,8
127,fnatic,mousesports,16,4,30,8
128,FaZe,mousesports,2,0,29,8
129,FaZe,mousesports,16,8,29,8
130,FaZe,mousesports,16,13,29,8
131,FaZe,mousesports,16,8,29,8
132,FaZe,mousesports,2,0,29,8
133,FaZe,mousesports,2,0,29,8
134,FaZe,mousesports,2,1,29,8
135,FaZe,mousesports,16,4,29,8
136,FaZe,mousesports,16,14,29,8
137,FaZe,mousesports,16,7,29,8
138,ENCE,Endpoint,2,1,22,26
139,ENCE,Endpoint,2,0,22,26
140,ENCE,Endpoint,2,0,22,26
141,ENCE,Endpoint,16,6,22,26
142,Fiend,Endpoint,2,0,23,26
143,Fiend,Endpoint,2,1,23,26
144,Fiend,Endpoint,2,1,23,26
145,Gambit,Endpoint,2,0,1,26
146,G2,Endpoint,2,0,3,26
147,G2,Endpoint,2,0,3,26
148,forZe,Endpoint,2,0,17,26
149,forZe,Endpoint,2,0,17,26
150,forZe,Endpoint,2,0,17,26
151,Entropiq,Endpoint,2,0,16,26
152,Entropiq,Endpoint,2,1,16,26
153,DBL PONEY,Endpoint,2,1,27,26
154,BIG,Endpoint,2,1,9,26
155,BIG,Endpoint,2,1,9,26
156,BIG,Endpoint,16,13,9,26
157,Complexity,Endpoint,2,1,13,26
158,Complexity,Endpoint,2,0,13,26
159,Complexity,Endpoint,2,0,13,26
160,SKADE,Endpoint,2,0,28,26
161,SKADE,Endpoint,16,5,28,26
162,SKADE,Endpoint,2,0,28,26
163,Virtus.pro,Endpoint,2,0,5,26
164,Virtus.pro,Endpoint,2,0,5,26
165,Virtus.pro,Endpoint,2,1,5,26
166,Spirit,Endpoint,16,14,15,26
167,Spirit,Endpoint,16,13,15,26
168,Astralis,Endpoint,2,0,7,26
169,Heroic,Endpoint,2,1,4,26
170,Heroic,Endpoint,2,0,4,26
171,Heroic,Endpoint,2,0,4,26
172,Heroic,Endpoint,2,1,4,26
173,Liquid,Endpoint,2,0,14,26
174,FURIA,Endpoint,16,6,12,26
175,ENCE,Fiend,2,0,22,23
176,ENCE,Fiend,2,0,22,23
177,EXTREMUM,Fiend,2,0,25,23
178,Gambit,Fiend,16,5,1,23
179,Entropiq,Fiend,2,0,16,23
180,SKADE,Fiend,2,0,28,23
181,OG,Fiend,2,0,11,23
182,Spirit,Fiend,2,1,15,23
183,ENCE,SKADE,2,1,22,28
184,Endpoint,SKADE,2,1,26,28
185,Endpoint,SKADE,2,0,26,28
186,Endpoint,SKADE,2,0,26,28
187,Endpoint,SKADE,2,0,26,28
188,Endpoint,SKADE,16,14,26,28
189,Endpoint,SKADE,1,0,26,28
190,Endpoint,SKADE,2,1,26,28
191,Endpoint,SKADE,2,0,26,28
192,Endpoint,SKADE,2,1,26,28
193,Fiend,SKADE,2,0,23,28
194,Gambit,SKADE,2,0,1,28
195,forZe,SKADE,1,0,17,28
196,forZe,SKADE,2,0,17,28
197,forZe,SKADE,2,0,17,28
198,Complexity,SKADE,2,1,13,28
199,Complexity,SKADE,16,12,13,28
200,OG,SKADE,16,13,11,28
201,Spirit,SKADE,16,14,15,28
202,Heroic,SKADE,2,0,4,28
203,FunPlus Phoenix,SKADE,2,1,18,28
204,mousesports,SKADE,2,0,8,28
205,ENCE,DBL PONEY,2,1,22,27
206,ENCE,DBL PONEY,2,0,22,27
207,Endpoint,DBL PONEY,2,0,26,27
208,Endpoint,DBL PONEY,2,1,26,27
209,BIG,DBL PONEY,2,1,9,27
210,SKADE,DBL PONEY,16,5,28,27
211,SKADE,DBL PONEY,2,0,28,27
212,Vitality,DBL PONEY,2,0,10,27
213,Astralis,DBL PONEY,2,0,7,27
214,ENCE,Vitality,2,0,22,10
215,ENCE,Vitality,2,0,22,10
216,ENCE,Vitality,16,9,22,10
217,NIP,Vitality,2,0,6,10
218,NIP,Vitality,2,1,6,10
219,NIP,Vitality,2,0,6,10
220,NIP,Vitality,16,10,6,10
221,NIP,Vitality,2,1,6,10
222,Natus Vincere,Vitality,2,1,2,10
223,Natus Vincere,Vitality,2,1,2,10
224,Natus Vincere,Vitality,2,0,2,10
225,Natus Vincere,Vitality,25,22,2,10
226,G2,Vitality,2,0,3,10
227,G2,Vitality,2,0,3,10
228,G2,Vitality,2,1,3,10
229,DBL PONEY,Vitality,2,0,27,10
230,BIG,Vitality,2,1,9,10
231,BIG,Vitality,3,2,9,10
232,Complexity,Vitality,16,10,13,10
233,Complexity,Vitality,2,0,13,10
234,Complexity,Vitality,2,0,13,10
235,Complexity,Vitality,2,1,13,10
236,Complexity,Vitality,2,0,13,10
237,OG,Vitality,2,1,11,10
238,OG,Vitality,2,1,11,10
239,Virtus.pro,Vitality,2,0,5,10
240,Virtus.pro,Vitality,16,10,5,10
241,Evil Geniuses,Vitality,2,1,20,10
242,Spirit,Vitality,2,1,15,10
243,Spirit,Vitality,2,1,15,10
244,Astralis,Vitality,2,1,7,10
245,Astralis,Vitality,2,1,7,10
246,Astralis,Vitality,2,1,7,10
247,Astralis,Vitality,2,0,7,10
248,Astralis,Vitality,2,1,7,10
249,Astralis,Vitality,2,0,7,10
250,Heroic,Vitality,2,0,4,10
251,Heroic,Vitality,3,2,4,10
252,Heroic,Vitality,3,0,4,10
253,Heroic,Vitality,2,0,4,10
254,Liquid,Vitality,2,1,14,10
255,Liquid,Vitality,2,0,14,10
256,Liquid,Vitality,3,1,14,10
257,mousesports,Vitality,2,0,8,10
258,FURIA,Vitality,2,0,12,10
259,FURIA,Vitality,2,0,12,10
260,FURIA,Vitality,2,0,12,10
261,fnatic,Vitality,2,0,30,10
262,fnatic,Vitality,2,1,30,10
263,fnatic,Vitality,2,0,30,10
264,FaZe,Vitality,2,0,29,10
265,FaZe,Vitality,2,0,29,10
266,FaZe,Vitality,2,0,29,10
267,FaZe,Vitality,2,1,29,10
268,ENCE,G2,2,1,22,3
269,ENCE,G2,2,0,22,3
270,ENCE,G2,2,1,22,3
271,ENCE,G2,2,0,22,3
272,NIP,G2,2,1,6,3
273,NIP,G2,2,1,6,3
274,NIP,G2,16,11,6,3
275,NIP,G2,2,1,6,3
276,NIP,G2,16,9,6,3
277,NIP,G2,2,0,6,3
278,NIP,G2,16,5,6,3
279,NIP,G2,16,10,6,3
280,Gambit,G2,2,0,1,3
281,Gambit,G2,2,0,1,3
282,Gambit,G2,2,1,1,3
283,Gambit,G2,2,0,1,3
284,Natus Vincere,G2,2,1,2,3
285,Natus Vincere,G2,2,0,2,3
286,Natus Vincere,G2,2,1,2,3
287,Natus Vincere,G2,2,0,2,3
288,Natus Vincere,G2,2,1,2,3
289,Natus Vincere,G2,3,0,2,3
290,Natus Vincere,G2,2,1,2,3
291,Natus Vincere,G2,16,9,2,3
292,Natus Vincere,G2,16,10,2,3
293,Natus Vincere,G2,16,11,2,3
294,Natus Vincere,G2,16,12,2,3
295,Natus Vincere,G2,2,1,2,3
296,forZe,G2,2,0,17,3
297,BIG,G2,2,1,9,3
298,BIG,G2,2,1,9,3
299,BIG,G2,2,1,9,3
300,BIG,G2,2,1,9,3
301,BIG,G2,3,2,9,3
302,BIG,G2,16,6,9,3
303,BIG,G2,16,14,9,3
304,Complexity,G2,2,0,13,3
305,Complexity,G2,2,0,13,3
306,Complexity,G2,16,11,13,3
307,OG,G2,2,0,11,3
308,OG,G2,2,0,11,3
309,OG,G2,16,14,11,3
310,Vitality,G2,2,0,10,3
311,Vitality,G2,2,1,10,3
312,Virtus.pro,G2,16,5,5,3
313,Virtus.pro,G2,16,10,5,3
314,Virtus.pro,G2,2,1,5,3
315,Virtus.pro,G2,2,1,5,3
316,Virtus.pro,G2,16,14,5,3
317,Virtus.pro,G2,16,1,5,3
318,Virtus.pro,G2,16,14,5,3
319,Virtus.pro,G2,16,10,5,3
320,Virtus.pro,G2,2,0,5,3
321,Virtus.pro,G2,16,10,5,3
322,Evil Geniuses,G2,2,1,20,3
323,Evil Geniuses,G2,2,1,20,3
324,Spirit,G2,2,1,15,3
325,Astralis,G2,2,1,7,3
326,Astralis,G2,2,0,7,3
327,Astralis,G2,2,0,7,3
328,Astralis,G2,2,1,7,3
329,Astralis,G2,2,1,7,3
330,Astralis,G2,3,0,7,3
331,Astralis,G2,2,0,7,3
332,Astralis,G2,16,7,7,3
333,Astralis,G2,16,2,7,3
334,Astralis,G2,16,3,7,3
335,Astralis,G2,16,2,7,3
336,Astralis,G2,16,11,7,3
337,Astralis,G2,22,20,7,3
338,Astralis,G2,16,10,7,3
339,Astralis,G2,19,15,7,3
340,Astralis,G2,16,5,7,3
341,Astralis,G2,16,2,7,3
342,Astralis,G2,19,17,7,3
343,Astralis,G2,2,0,7,3
344,Heroic,G2,2,1,4,3
345,Heroic,G2,2,1,4,3
346,FunPlus Phoenix,G2,2,1,18,3
347,Liquid,G2,2,1,14,3
348,Liquid,G2,3,1,14,3
349,Liquid,G2,2,0,14,3
350,mousesports,G2,2,0,8,3
351,mousesports,G2,2,0,8,3
352,mousesports,G2,2,0,8,3
353,mousesports,G2,2,1,8,3
354,mousesports,G2,2,1,8,3
355,mousesports,G2,2,0,8,3
356,mousesports,G2,16,14,8,3
357,mousesports,G2,16,4,8,3
358,mousesports,G2,2,0,8,3
359,mousesports,G2,16,14,8,3
360,mousesports,G2,25,22,8,3
361,mousesports,G2,16,12,8,3
362,mousesports,G2,16,11,8,3
363,FURIA,G2,2,0,12,3
364,FURIA,G2,2,1,12,3
365,FURIA,G2,2,0,12,3
366,fnatic,G2,2,0,30,3
367,fnatic,G2,2,0,30,3
368,fnatic,G2,2,1,30,3
369,fnatic,G2,16,13,30,3
370,fnatic,G2,16,10,30,3
371,fnatic,G2,2,1,30,3
372,fnatic,G2,16,11,30,3
373,fnatic,G2,16,9,30,3
374,fnatic,G2,16,12,30,3
375,fnatic,G2,16,14,30,3
376,fnatic,G2,16,1,30,3
377,fnatic,G2,16,12,30,3
378,FaZe,G2,2,1,29,3
379,FaZe,G2,2,0,29,3
380,FaZe,G2,2,0,29,3
381,FaZe,G2,16,9,29,3
382,FaZe,G2,2,0,29,3
383,FaZe,G2,19,16,29,3
384,FaZe,G2,16,14,29,3
385,FaZe,G2,16,12,29,3
386,FaZe,G2,16,14,29,3
387,FaZe,G2,16,12,29,3
388,FaZe,G2,16,3,29,3
389,FaZe,G2,16,14,29,3
390,FaZe,G2,16,5,29,3
391,FaZe,G2,16,2,29,3
392,FaZe,G2,22,20,29,3
393,FaZe,G2,16,12,29,3
394,FaZe,G2,16,12,29,3
395,FaZe,G2,2,1,29,3
396,ENCE,Natus Vincere,2,0,22,2
397,ENCE,Natus Vincere,2,0,22,2
398,ENCE,Natus Vincere,16,4,22,2
399,ENCE,Natus Vincere,2,1,22,2
400,ENCE,Natus Vincere,16,8,22,2
401,ENCE,Natus Vincere,16,11,22,2
402,NIP,Natus Vincere,2,0,6,2
403,NIP,Natus Vincere,16,9,6,2
404,NIP,Natus Vincere,16,7,6,2
405,NIP,Natus Vincere,16,12,6,2
406,NIP,Natus Vincere,16,13,6,2
407,NIP,Natus Vincere,2,0,6,2
408,Gambit,Natus Vincere,2,0,1,2
409,Gambit,Natus Vincere,2,1,1,2
410,Gambit,Natus Vincere,2,1,1,2
411,Gambit,Natus Vincere,2,1,1,2
412,Gambit,Natus Vincere,2,0,1,2
413,Gambit,Natus Vincere,2,1,1,2
414,Gambit,Natus Vincere,2,0,1,2
415,Gambit,Natus Vincere,2,1,1,2
416,Gambit,Natus Vincere,16,5,1,2
417,Gambit,Natus Vincere,31,28,1,2
418,Natus Vincere,Natus Vincere,16,6,2,2
419,G2,Natus Vincere,2,0,3,2
420,G2,Natus Vincere,2,1,3,2
421,G2,Natus Vincere,19,17,3,2
422,G2,Natus Vincere,2,1,3,2
423,G2,Natus Vincere,16,11,3,2
424,G2,Natus Vincere,16,14,3,2
425,G2,Natus Vincere,19,16,3,2
426,G2,Natus Vincere,2,0,3,2
427,forZe,Natus Vincere,2,0,17,2
428,Entropiq,Natus Vincere,2,0,16,2
429,BIG,Natus Vincere,2,0,9,2
430,BIG,Natus Vincere,19,17,9,2
431,BIG,Natus Vincere,16,5,9,2
432,BIG,Natus Vincere,2,0,9,2
433,BIG,Natus Vincere,2,1,9,2
434,Complexity,Natus Vincere,2,0,13,2
435,Complexity,Natus Vincere,2,1,13,2
436,Complexity,Natus Vincere,2,0,13,2
437,Complexity,Natus Vincere,2,1,13,2
438,OG,Natus Vincere,2,1,11,2
439,OG,Natus Vincere,2,0,11,2
440,Vitality,Natus Vincere,2,0,10,2
441,Vitality,Natus Vincere,3,2,10,2
442,Vitality,Natus Vincere,2,1,10,2
443,Vitality,Natus Vincere,2,0,10,2
444,Vitality,Natus Vincere,2,1,10,2
445,Vitality,Natus Vincere,2,1,10,2
446,Akuma,Natus Vincere,2,0,19,2
447,Virtus.pro,Natus Vincere,2,0,5,2
448,Virtus.pro,Natus Vincere,2,0,5,2
449,Virtus.pro,Natus Vincere,16,8,5,2
450,Virtus.pro,Natus Vincere,3,1,5,2
451,Virtus.pro,Natus Vincere,2,0,5,2
452,Virtus.pro,Natus Vincere,16,7,5,2
453,Virtus.pro,Natus Vincere,16,2,5,2
454,Virtus.pro,Natus Vincere,2,1,5,2
455,Virtus.pro,Natus Vincere,19,15,5,2
456,Virtus.pro,Natus Vincere,1,0,5,2
457,Evil Geniuses,Natus Vincere,2,0,20,2
458,Spirit,Natus Vincere,2,0,15,2
459,Spirit,Natus Vincere,1,0,15,2
460,Astralis,Natus Vincere,2,1,7,2
461,Astralis,Natus Vincere,2,0,7,2
462,Astralis,Natus Vincere,3,2,7,2
463,Astralis,Natus Vincere,16,13,7,2
464,Astralis,Natus Vincere,16,4,7,2
465,Astralis,Natus Vincere,2,0,7,2
466,Astralis,Natus Vincere,16,14,7,2
467,Astralis,Natus Vincere,2,0,7,2
468,Astralis,Natus Vincere,19,15,7,2
469,Astralis,Natus Vincere,16,4,7,2
470,Astralis,Natus Vincere,16,4,7,2
471,Astralis,Natus Vincere,2,1,7,2
472,Astralis,Natus Vincere,16,9,7,2
473,Heroic,Natus Vincere,2,0,4,2
474,Heroic,Natus Vincere,2,1,4,2
475,Heroic,Natus Vincere,2,0,4,2
476,Heroic,Natus Vincere,16,14,4,2
477,Heroic,Natus Vincere,16,10,4,2
478,Liquid,Natus Vincere,2,1,14,2
479,Liquid,Natus Vincere,2,0,14,2
480,Liquid,Natus Vincere,2,0,14,2
481,Liquid,Natus Vincere,2,1,14,2
482,Liquid,Natus Vincere,16,12,14,2
483,Liquid,Natus Vincere,2,0,14,2
484,Liquid,Natus Vincere,2,0,14,2
485,Liquid,Natus Vincere,16,6,14,2
486,mousesports,Natus Vincere,2,0,8,2
487,mousesports,Natus Vincere,3,1,8,2
488,mousesports,Natus Vincere,19,17,8,2
489,mousesports,Natus Vincere,16,11,8,2
490,mousesports,Natus Vincere,2,1,8,2
491,mousesports,Natus Vincere,16,11,8,2
492,mousesports,Natus Vincere,2,1,8,2
493,mousesports,Natus Vincere,16,2,8,2
494,mousesports,Natus Vincere,16,11,8,2
495,mousesports,Natus Vincere,16,12,8,2
496,mousesports,Natus Vincere,19,15,8,2
497,mousesports,Natus Vincere,16,10,8,2
498,mousesports,Natus Vincere,16,10,8,2
499,mousesports,Natus Vincere,16,10,8,2
500,mousesports,Natus Vincere,19,17,8,2
501,mousesports,Natus Vincere,16,9,8,2
502,FURIA,Natus Vincere,2,0,12,2
503,fnatic,Natus Vincere,2,0,30,2
504,fnatic,Natus Vincere,2,1,30,2
505,fnatic,Natus Vincere,16,9,30,2
506,fnatic,Natus Vincere,16,14,30,2
507,fnatic,Natus Vincere,16,2,30,2
508,fnatic,Natus Vincere,2,0,30,2
509,fnatic,Natus Vincere,1,0,30,2
510,FaZe,Natus Vincere,2,0,29,2
511,FaZe,Natus Vincere,16,10,29,2
512,FaZe,Natus Vincere,2,0,29,2
513,FaZe,Natus Vincere,2,0,29,2
514,FaZe,Natus Vincere,16,4,29,2
515,FaZe,Natus Vincere,16,6,29,2
516,ENCE,Heroic,2,1,22,4
517,ENCE,Heroic,2,0,22,4
518,NIP,Heroic,2,0,6,4
519,NIP,Heroic,2,1,6,4
520,NIP,Heroic,2,1,6,4
521,NIP,Heroic,2,0,6,4
522,NIP,Heroic,2,1,6,4
523,NIP,Heroic,2,0,6,4
524,NIP,Heroic,16,9,6,4
525,NIP,Heroic,25,21,6,4
526,NIP,Heroic,16,4,6,4
527,NIP,Heroic,16,14,6,4
528,NIP,Heroic,16,8,6,4
529,NIP,Heroic,16,8,6,4
530,NIP,Heroic,16,14,6,4
531,Gambit,Heroic,2,1,1,4
532,Gambit,Heroic,2,1,1,4
533,Gambit,Heroic,2,0,1,4
534,Gambit,Heroic,2,0,1,4
535,Natus Vincere,Heroic,2,1,2,4
536,Natus Vincere,Heroic,2,0,2,4
537,Natus Vincere,Heroic,2,1,2,4
538,Natus Vincere,Heroic,2,1,2,4
539,Natus Vincere,Heroic,2,0,2,4
540,Natus Vincere,Heroic,16,6,2,4
541,Natus Vincere,Heroic,16,9,2,4
542,Natus Vincere,Heroic,2,1,2,4
543,Natus Vincere,Heroic,2,1,2,4
544,Natus Vincere,Heroic,2,1,2,4
545,Natus Vincere,Heroic,16,11,2,4
546,G2,Heroic,2,1,3,4
547,G2,Heroic,2,1,3,4
548,G2,Heroic,2,1,3,4
549,G2,Heroic,2,1,3,4
550,G2,Heroic,2,0,3,4
551,G2,Heroic,2,1,3,4
552,G2,Heroic,16,13,3,4
553,G2,Heroic,16,8,3,4
554,forZe,Heroic,2,0,17,4
555,forZe,Heroic,2,1,17,4
556,BIG,Heroic,2,1,9,4
557,BIG,Heroic,2,0,9,4
558,BIG,Heroic,2,0,9,4
559,BIG,Heroic,2,0,9,4
560,BIG,Heroic,2,0,9,4
561,BIG,Heroic,16,10,9,4
562,BIG,Heroic,2,1,9,4
563,Complexity,Heroic,2,1,13,4
564,OG,Heroic,2,1,11,4
565,Vitality,Heroic,2,1,10,4
566,Vitality,Heroic,2,1,10,4
567,Vitality,Heroic,2,1,10,4
568,Vitality,Heroic,2,0,10,4
569,Vitality,Heroic,2,1,10,4
570,Vitality,Heroic,2,1,10,4
571,Vitality,Heroic,2,0,10,4
572,Vitality,Heroic,2,1,10,4
573,Virtus.pro,Heroic,2,1,5,4
574,Virtus.pro,Heroic,2,0,5,4
575,Virtus.pro,Heroic,2,1,5,4
576,Virtus.pro,Heroic,16,10,5,4
577,Virtus.pro,Heroic,16,12,5,4
578,Evil Geniuses,Heroic,2,1,20,4
579,Evil Geniuses,Heroic,2,1,20,4
580,Spirit,Heroic,2,0,15,4
581,Spirit,Heroic,2,0,15,4
582,Astralis,Heroic,2,1,7,4
583,Astralis,Heroic,2,0,7,4
584,Astralis,Heroic,2,0,7,4
585,Astralis,Heroic,2,0,7,4
586,Astralis,Heroic,16,9,7,4
587,Astralis,Heroic,16,5,7,4
588,Astralis,Heroic,2,0,7,4
589,Astralis,Heroic,16,6,7,4
590,Astralis,Heroic,16,3,7,4
591,Astralis,Heroic,16,2,7,4
592,Astralis,Heroic,16,12,7,4
593,Astralis,Heroic,16,6,7,4
594,Liquid,Heroic,2,0,14,4
595,Liquid,Heroic,2,0,14,4
596,mousesports,Heroic,2,0,8,4
597,mousesports,Heroic,2,1,8,4
598,mousesports,Heroic,16,3,8,4
599,mousesports,Heroic,16,13,8,4
600,mousesports,Heroic,2,0,8,4
601,mousesports,Heroic,16,8,8,4
602,mousesports,Heroic,16,13,8,4
603,mousesports,Heroic,16,12,8,4
604,FURIA,Heroic,2,1,12,4
605,fnatic,Heroic,2,0,30,4
606,fnatic,Heroic,2,1,30,4
607,fnatic,Heroic,16,7,30,4
608,fnatic,Heroic,16,10,30,4
609,fnatic,Heroic,16,5,30,4
610,fnatic,Heroic,16,9,30,4
611,fnatic,Heroic,16,14,30,4
612,fnatic,Heroic,16,4,30,4
613,FaZe,Heroic,2,0,29,4
614,FaZe,Heroic,2,0,29,4
615,FaZe,Heroic,2,1,29,4
616,FaZe,Heroic,19,16,29,4
617,FaZe,Heroic,16,4,29,4
618,FaZe,Heroic,16,4,29,4
619,FaZe,Heroic,16,7,29,4
620,FaZe,Heroic,2,0,29,4
621,FaZe,Heroic,16,7,29,4
622,FaZe,Heroic,19,16,29,4
623,FaZe,Heroic,16,3,29,4
624,FaZe,Heroic,16,5,29,4
625,FaZe,Heroic,16,13,29,4
626,ENCE,FaZe,2,0,22,29
627,ENCE,FaZe,2,0,22,29
628,ENCE,FaZe,2,1,22,29
629,NIP,FaZe,2,0,6,29
630,NIP,FaZe,2,0,6,29
631,NIP,FaZe,2,0,6,29
632,NIP,FaZe,16,7,6,29
633,NIP,FaZe,16,4,6,29
634,NIP,FaZe,16,11,6,29
635,NIP,FaZe,16,11,6,29
636,NIP,FaZe,3,2,6,29
637,NIP,FaZe,16,6,6,29
638,NIP,FaZe,16,11,6,29
639,NIP,FaZe,2,1,6,29
640,NIP,FaZe,16,7,6,29
641,Gambit,FaZe,16,3,1,29
642,Gambit,FaZe,16,14,1,29
643,Natus Vincere,FaZe,2,1,2,29
644,Natus Vincere,FaZe,2,0,2,29
645,Natus Vincere,FaZe,2,1,2,29
646,Natus Vincere,FaZe,2,1,2,29
647,Natus Vincere,FaZe,2,1,2,29
648,Natus Vincere,FaZe,2,1,2,29
649,Natus Vincere,FaZe,2,0,2,29
650,Natus Vincere,FaZe,2,0,2,29
651,Natus Vincere,FaZe,16,14,2,29
652,Natus Vincere,FaZe,16,14,2,29
653,Natus Vincere,FaZe,16,12,2,29
654,Natus Vincere,FaZe,2,1,2,29
655,Natus Vincere,FaZe,22,19,2,29
656,Natus Vincere,FaZe,16,12,2,29
657,Natus Vincere,FaZe,19,17,2,29
658,G2,FaZe,2,1,3,29
659,G2,FaZe,2,1,3,29
660,G2,FaZe,2,1,3,29
661,G2,FaZe,2,0,3,29
662,G2,FaZe,2,0,3,29
663,G2,FaZe,2,1,3,29
664,G2,FaZe,2,1,3,29
665,G2,FaZe,2,0,3,29
666,G2,FaZe,16,13,3,29
667,G2,FaZe,2,1,3,29
668,G2,FaZe,16,11,3,29
669,BIG,FaZe,2,1,9,29
670,BIG,FaZe,2,0,9,29
671,BIG,FaZe,2,0,9,29
672,BIG,FaZe,2,0,9,29
673,BIG,FaZe,2,0,9,29
674,BIG,FaZe,2,0,9,29
675,BIG,FaZe,2,1,9,29
676,BIG,FaZe,16,9,9,29
677,BIG,FaZe,16,5,9,29
678,BIG,FaZe,2,1,9,29
679,BIG,FaZe,16,10,9,29
680,Complexity,FaZe,2,1,13,29
681,Complexity,FaZe,2,0,13,29
682,Complexity,FaZe,2,0,13,29
683,OG,FaZe,2,0,11,29
684,OG,FaZe,2,0,11,29
685,OG,FaZe,2,0,11,29
686,Vitality,FaZe,2,1,10,29
687,Vitality,FaZe,2,0,10,29
688,Vitality,FaZe,2,0,10,29
689,Vitality,FaZe,2,0,10,29
690,Vitality,FaZe,2,1,10,29
691,Vitality,FaZe,16,7,10,29
692,Virtus.pro,FaZe,16,13,5,29
693,Virtus.pro,FaZe,2,1,5,29
694,Virtus.pro,FaZe,16,5,5,29
695,Virtus.pro,FaZe,2,0,5,29
696,Virtus.pro,FaZe,2,1,5,29
697,Spirit,FaZe,2,0,15,29
698,Spirit,FaZe,2,1,15,29
699,Astralis,FaZe,2,0,7,29
700,Astralis,FaZe,2,0,7,29
701,Astralis,FaZe,2,0,7,29
702,Astralis,FaZe,2,0,7,29
703,Astralis,FaZe,2,0,7,29
704,Astralis,FaZe,16,14,7,29
705,Astralis,FaZe,16,12,7,29
706,Astralis,FaZe,2,0,7,29
707,Astralis,FaZe,2,0,7,29
708,Astralis,FaZe,16,13,7,29
709,Astralis,FaZe,16,14,7,29
710,Astralis,FaZe,16,10,7,29
711,Astralis,FaZe,19,15,7,29
712,Astralis,FaZe,16,1,7,29
713,Astralis,FaZe,2,0,7,29
714,Heroic,FaZe,2,0,4,29
715,Heroic,FaZe,16,6,4,29
716,Heroic,FaZe,16,3,4,29
717,Heroic,FaZe,16,12,4,29
718,Liquid,FaZe,2,0,14,29
719,Liquid,FaZe,2,1,14,29
720,Liquid,FaZe,2,0,14,29
721,Liquid,FaZe,2,1,14,29
722,Liquid,FaZe,2,1,14,29
723,Liquid,FaZe,2,1,14,29
724,Liquid,FaZe,22,19,14,29
725,Liquid,FaZe,16,11,14,29
726,mousesports,FaZe,2,1,8,29
727,mousesports,FaZe,2,0,8,29
728,mousesports,FaZe,2,0,8,29
729,mousesports,FaZe,2,1,8,29
730,mousesports,FaZe,2,1,8,29
731,mousesports,FaZe,2,0,8,29
732,mousesports,FaZe,2,0,8,29
733,mousesports,FaZe,2,0,8,29
734,mousesports,FaZe,16,12,8,29
735,mousesports,FaZe,16,4,8,29
736,mousesports,FaZe,16,13,8,29
737,mousesports,FaZe,2,1,8,29
738,mousesports,FaZe,2,1,8,29
739,mousesports,FaZe,16,12,8,29
740,mousesports,FaZe,16,10,8,29
741,mousesports,FaZe,16,12,8,29
742,mousesports,FaZe,16,9,8,29
743,mousesports,FaZe,16,13,8,29
744,mousesports,FaZe,2,0,8,29
745,mousesports,FaZe,16,13,8,29
746,mousesports,FaZe,16,14,8,29
747,FURIA,FaZe,2,1,12,29
748,fnatic,FaZe,2,0,30,29
749,fnatic,FaZe,2,1,30,29
750,fnatic,FaZe,16,5,30,29
751,fnatic,FaZe,2,0,30,29
752,fnatic,FaZe,3,2,30,29
753,fnatic,FaZe,2,0,30,29
754,fnatic,FaZe,19,15,30,29
755,fnatic,FaZe,16,12,30,29
756,fnatic,FaZe,16,7,30,29
757,fnatic,FaZe,16,14,30,29
758,fnatic,FaZe,19,17,30,29
759,FaZe,FaZe,19,16,29,29
760,ENCE,NIP,2,1,22,6
761,Gambit,NIP,2,0,1,6
762,Natus Vincere,NIP,2,1,2,6
763,Natus Vincere,NIP,2,0,2,6
764,Natus Vincere,NIP,2,0,2,6
765,Natus Vincere,NIP,2,0,2,6
766,Natus Vincere,NIP,2,0,2,6
767,Natus Vincere,NIP,2,1,2,6
768,Natus Vincere,NIP,16,11,2,6
769,Natus Vincere,NIP,16,13,2,6
770,Natus Vincere,NIP,16,6,2,6
771,Natus Vincere,NIP,16,9,2,6
772,Natus Vincere,NIP,2,0,2,6
773,Natus Vincere,NIP,2,0,2,6
774,G2,NIP,2,1,3,6
775,G2,NIP,2,1,3,6
776,G2,NIP,2,0,3,6
777,G2,NIP,2,0,3,6
778,G2,NIP,16,13,3,6
779,G2,NIP,16,5,3,6
780,G2,NIP,16,2,3,6
781,G2,NIP,16,7,3,6
782,G2,NIP,16,4,3,6
783,G2,NIP,16,13,3,6
784,BIG,NIP,2,0,9,6
785,BIG,NIP,3,2,9,6
786,BIG,NIP,2,1,9,6
787,BIG,NIP,16,5,9,6
788,BIG,NIP,2,0,9,6
789,Complexity,NIP,2,0,13,6
790,Complexity,NIP,2,0,13,6
791,Complexity,NIP,2,0,13,6
792,OG,NIP,16,9,11,6
793,OG,NIP,2,1,11,6
794,Vitality,NIP,2,0,10,6
795,Vitality,NIP,2,1,10,6
796,Vitality,NIP,2,0,10,6
797,Vitality,NIP,2,0,10,6
798,Vitality,NIP,2,1,10,6
799,Vitality,NIP,2,0,10,6
800,Vitality,NIP,2,1,10,6
801,Vitality,NIP,2,0,10,6
802,Vitality,NIP,2,0,10,6
803,Vitality,NIP,2,0,10,6
804,Virtus.pro,NIP,2,1,5,6
805,Virtus.pro,NIP,2,0,5,6
806,Virtus.pro,NIP,2,0,5,6
807,Virtus.pro,NIP,2,0,5,6
808,Virtus.pro,NIP,2,1,5,6
809,Virtus.pro,NIP,16,6,5,6
810,Virtus.pro,NIP,16,7,5,6
811,Virtus.pro,NIP,19,17,5,6
812,Virtus.pro,NIP,2,0,5,6
813,Virtus.pro,NIP,16,10,5,6
814,Virtus.pro,NIP,2,1,5,6
815,Virtus.pro,NIP,2,0,5,6
816,Virtus.pro,NIP,3,2,5,6
817,Virtus.pro,NIP,16,10,5,6
818,Evil Geniuses,NIP,2,1,20,6
819,Evil Geniuses,NIP,2,0,20,6
820,Spirit,NIP,2,1,15,6
821,Astralis,NIP,2,0,7,6
822,Astralis,NIP,2,0,7,6
823,Astralis,NIP,2,0,7,6
824,Astralis,NIP,2,0,7,6
825,Astralis,NIP,16,8,7,6
826,Astralis,NIP,2,0,7,6
827,Astralis,NIP,2,0,7,6
828,Astralis,NIP,16,4,7,6
829,Astralis,NIP,16,13,7,6
830,Astralis,NIP,16,8,7,6
831,Astralis,NIP,2,0,7,6
832,Astralis,NIP,16,11,7,6
833,Astralis,NIP,19,17,7,6
834,Astralis,NIP,16,14,7,6
835,Astralis,NIP,2,1,7,6
836,Astralis,NIP,16,11,7,6
837,Astralis,NIP,16,9,7,6
838,Heroic,NIP,2,0,4,6
839,Heroic,NIP,2,1,4,6
840,Heroic,NIP,2,1,4,6
841,Heroic,NIP,2,0,4,6
842,Heroic,NIP,16,11,4,6
843,Heroic,NIP,16,13,4,6
844,Heroic,NIP,2,1,4,6
845,Heroic,NIP,16,10,4,6
846,Heroic,NIP,16,7,4,6
847,Heroic,NIP,16,11,4,6
848,Liquid,NIP,2,0,14,6
849,Liquid,NIP,2,0,14,6
850,Liquid,NIP,16,4,14,6
851,Liquid,NIP,2,0,14,6
852,Liquid,NIP,16,3,14,6
853,Liquid,NIP,16,13,14,6
854,Liquid,NIP,16,10,14,6
855,Liquid,NIP,2,1,14,6
856,Liquid,NIP,2,1,14,6
857,mousesports,NIP,2,1,8,6
858,mousesports,NIP,16,14,8,6
859,mousesports,NIP,16,7,8,6
860,mousesports,NIP,2,1,8,6
861,mousesports,NIP,16,8,8,6
862,mousesports,NIP,16,2,8,6
863,mousesports,NIP,16,10,8,6
864,mousesports,NIP,16,8,8,6
865,mousesports,NIP,16,7,8,6
866,mousesports,NIP,16,8,8,6
867,mousesports,NIP,16,10,8,6
868,FURIA,NIP,2,0,12,6
869,fnatic,NIP,2,0,30,6
870,fnatic,NIP,2,0,30,6
871,fnatic,NIP,2,1,30,6
872,fnatic,NIP,2,1,30,6
873,fnatic,NIP,2,1,30,6
874,fnatic,NIP,2,1,30,6
875,fnatic,NIP,16,14,30,6
876,fnatic,NIP,16,5,30,6
877,fnatic,NIP,2,1,30,6
878,fnatic,NIP,16,13,30,6
879,fnatic,NIP,16,7,30,6
880,fnatic,NIP,16,9,30,6
881,fnatic,NIP,16,14,30,6
882,fnatic,NIP,16,14,30,6
883,fnatic,NIP,2,1,30,6
884,fnatic,NIP,2,0,30,6
885,fnatic,NIP,21,18,30,6
886,fnatic,NIP,2,0,30,6
887,fnatic,NIP,2,0,30,6
888,FaZe,NIP,2,0,29,6
889,FaZe,NIP,2,1,29,6
890,FaZe,NIP,2,1,29,6
891,FaZe,NIP,2,0,29,6
892,FaZe,NIP,1,0,29,6
893,FaZe,NIP,2,0,29,6
894,FaZe,NIP,2,0,29,6
895,FaZe,NIP,16,11,29,6
896,FaZe,NIP,2,0,29,6
897,FaZe,NIP,16,12,29,6
898,FaZe,NIP,16,8,29,6
899,FaZe,NIP,2,0,29,6
900,FaZe,NIP,2,0,29,6
901,FaZe,NIP,16,7,29,6
902,FaZe,NIP,16,4,29,6
903,FaZe,NIP,16,5,29,6
904,ENCE,FURIA,2,1,22,12
905,NIP,FURIA,2,0,6,12
906,Gambit,FURIA,2,1,1,12
907,Gambit,FURIA,2,1,1,12
908,Natus Vincere,FURIA,2,1,2,12
909,Natus Vincere,FURIA,2,0,2,12
910,Natus Vincere,FURIA,2,0,2,12
911,Natus Vincere,FURIA,2,0,2,12
912,Natus Vincere,FURIA,2,0,2,12
913,G2,FURIA,2,1,3,12
914,G2,FURIA,2,1,3,12
915,G2,FURIA,2,0,3,12
916,G2,FURIA,16,11,3,12
917,G2,FURIA,16,14,3,12
918,forZe,FURIA,2,1,17,12
919,forZe,FURIA,2,1,17,12
920,forZe,FURIA,16,10,17,12
921,BIG,FURIA,16,6,9,12
922,Complexity,FURIA,16,7,13,12
923,OG,FURIA,16,7,11,12
924,OG,FURIA,16,14,11,12
925,Vitality,FURIA,2,0,10,12
926,Virtus.pro,FURIA,2,0,5,12
927,Virtus.pro,FURIA,2,0,5,12
928,Virtus.pro,FURIA,16,5,5,12
929,Evil Geniuses,FURIA,2,1,20,12
930,Evil Geniuses,FURIA,2,0,20,12
931,Evil Geniuses,FURIA,2,1,20,12
932,Evil Geniuses,FURIA,2,1,20,12
933,Evil Geniuses,FURIA,2,0,20,12
934,Evil Geniuses,FURIA,2,1,20,12
935,Evil Geniuses,FURIA,2,0,20,12
936,Spirit,FURIA,2,0,15,12
937,Astralis,FURIA,2,0,7,12
938,Heroic,FURIA,2,0,4,12
939,Liquid,FURIA,3,1,14,12
940,Liquid,FURIA,2,1,14,12
941,Liquid,FURIA,2,0,14,12
942,Liquid,FURIA,2,0,14,12
943,Liquid,FURIA,2,0,14,12
944,mousesports,FURIA,2,0,8,12
945,mousesports,FURIA,16,5,8,12
946,mousesports,FURIA,16,9,8,12
947,O PLANO,FURIA,2,0,24,12
948,fnatic,FURIA,2,1,30,12
949,FaZe,FURIA,2,0,29,12
950,ENCE,Liquid,16,14,22,14
951,ENCE,Liquid,2,0,22,14
952,Gambit,Liquid,2,1,1,14
953,Natus Vincere,Liquid,2,0,2,14
954,Natus Vincere,Liquid,2,0,2,14
955,Natus Vincere,Liquid,2,0,2,14
956,Natus Vincere,Liquid,16,9,2,14
957,Natus Vincere,Liquid,16,5,2,14
958,Natus Vincere,Liquid,16,4,2,14
959,G2,Liquid,2,1,3,14
960,G2,Liquid,2,0,3,14
961,G2,Liquid,16,8,3,14
962,G2,Liquid,16,9,3,14
963,G2,Liquid,19,17,3,14
964,Extra Salt,Liquid,2,1,21,14
965,Complexity,Liquid,16,10,13,14
966,Complexity,Liquid,16,2,13,14
967,Complexity,Liquid,16,13,13,14
968,Complexity,Liquid,2,0,13,14
969,Vitality,Liquid,2,0,10,14
970,Vitality,Liquid,2,0,10,14
971,Vitality,Liquid,16,12,10,14
972,Vitality,Liquid,16,3,10,14
973,Virtus.pro,Liquid,2,0,5,14
974,Evil Geniuses,Liquid,2,0,20,14
975,Evil Geniuses,Liquid,3,2,20,14
976,Evil Geniuses,Liquid,2,0,20,14
977,Evil Geniuses,Liquid,2,0,20,14
978,Evil Geniuses,Liquid,2,0,20,14
979,Evil Geniuses,Liquid,2,1,20,14
980,Spirit,Liquid,19,17,15,14
981,Astralis,Liquid,2,0,7,14
982,Astralis,Liquid,3,0,7,14
983,Astralis,Liquid,2,0,7,14
984,Astralis,Liquid,2,0,7,14
985,Astralis,Liquid,2,0,7,14
986,Astralis,Liquid,2,1,7,14
987,Astralis,Liquid,2,0,7,14
988,Astralis,Liquid,16,13,7,14
989,Astralis,Liquid,3,0,7,14
990,Astralis,Liquid,2,0,7,14
991,Astralis,Liquid,2,0,7,14
992,Astralis,Liquid,2,0,7,14
993,Astralis,Liquid,2,1,7,14
994,Astralis,Liquid,2,0,7,14
995,Astralis,Liquid,16,11,7,14
996,Astralis,Liquid,16,3,7,14
997,Astralis,Liquid,16,1,7,14
998,mousesports,Liquid,2,0,8,14
999,mousesports,Liquid,2,1,8,14
1000,mousesports,Liquid,16,12,8,14
1001,mousesports,Liquid,16,12,8,14
1002,mousesports,Liquid,2,0,8,14
1003,FURIA,Liquid,2,1,12,14
1004,FURIA,Liquid,2,1,12,14
1005,FURIA,Liquid,2,0,12,14
1006,FURIA,Liquid,2,1,12,14
1007,FURIA,Liquid,2,1,12,14
1008,FURIA,Liquid,3,0,12,14
1009,FURIA,Liquid,2,1,12,14
1010,FURIA,Liquid,2,0,12,14
1011,FURIA,Liquid,2,1,12,14
1012,fnatic,Liquid,2,1,30,14
1013,fnatic,Liquid,2,0,30,14
1014,fnatic,Liquid,22,18,30,14
1015,fnatic,Liquid,16,6,30,14
1016,fnatic,Liquid,16,3,30,14
1017,FaZe,Liquid,2,0,29,14
1018,FaZe,Liquid,2,0,29,14
1019,FaZe,Liquid,2,0,29,14
1020,FaZe,Liquid,2,0,29,14
1021,FaZe,Liquid,2,0,29,14
1022,FaZe,Liquid,2,0,29,14
1023,FaZe,Liquid,16,14,29,14
1024,FaZe,Liquid,16,12,29,14
1025,FaZe,Liquid,16,14,29,14
1026,FaZe,Liquid,16,5,29,14
1027,FaZe,Liquid,22,18,29,14
1028,FaZe,Liquid,16,11,29,14
1029,ENCE,Astralis,2,0,22,7
1030,ENCE,Astralis,16,13,22,7
1031,NIP,Astralis,2,0,6,7
1032,NIP,Astralis,2,0,6,7
1033,NIP,Astralis,2,1,6,7
1034,NIP,Astralis,2,0,6,7
1035,NIP,Astralis,16,7,6,7
1036,NIP,Astralis,28,26,6,7
1037,NIP,Astralis,16,8,6,7
1038,NIP,Astralis,16,14,6,7
1039,NIP,Astralis,16,14,6,7
1040,NIP,Astralis,16,11,6,7
1041,NIP,Astralis,16,14,6,7
1042,NIP,Astralis,2,0,6,7
1043,NIP,Astralis,16,4,6,7
1044,NIP,Astralis,16,8,6,7
1045,Gambit,Astralis,2,0,1,7
1046,Gambit,Astralis,2,0,1,7
1047,Natus Vincere,Astralis,2,0,2,7
1048,Natus Vincere,Astralis,2,1,2,7
1049,Natus Vincere,Astralis,2,0,2,7
1050,Natus Vincere,Astralis,2,1,2,7
1051,Natus Vincere,Astralis,2,0,2,7
1052,Natus Vincere,Astralis,2,1,2,7
1053,Natus Vincere,Astralis,19,16,2,7
1054,Natus Vincere,Astralis,2,1,2,7
1055,Natus Vincere,Astralis,2,1,2,7
1056,Natus Vincere,Astralis,16,11,2,7
1057,Natus Vincere,Astralis,16,6,2,7
1058,Natus Vincere,Astralis,16,7,2,7
1059,G2,Astralis,2,1,3,7
1060,G2,Astralis,2,0,3,7
1061,G2,Astralis,2,0,3,7
1062,G2,Astralis,16,11,3,7
1063,G2,Astralis,16,12,3,7
1064,G2,Astralis,2,1,3,7
1065,G2,Astralis,2,0,3,7
1066,G2,Astralis,16,6,3,7
1067,G2,Astralis,16,9,3,7
1068,G2,Astralis,16,12,3,7
1069,BIG,Astralis,2,1,9,7
1070,BIG,Astralis,2,0,9,7
1071,BIG,Astralis,2,0,9,7
1072,BIG,Astralis,16,13,9,7
1073,BIG,Astralis,19,16,9,7
1074,Complexity,Astralis,2,0,13,7
1075,Complexity,Astralis,2,0,13,7
1076,OG,Astralis,2,0,11,7
1077,Vitality,Astralis,2,1,10,7
1078,Vitality,Astralis,2,1,10,7
1079,Vitality,Astralis,2,1,10,7
1080,Virtus.pro,Astralis,2,1,5,7
1081,Virtus.pro,Astralis,16,8,5,7
1082,Evil Geniuses,Astralis,2,1,20,7
1083,Spirit,Astralis,2,1,15,7
1084,Astralis,Astralis,16,10,7,7
1085,Heroic,Astralis,2,0,4,7
1086,Heroic,Astralis,2,0,4,7
1087,Heroic,Astralis,2,1,4,7
1088,Heroic,Astralis,2,0,4,7
1089,Heroic,Astralis,16,13,4,7
1090,Heroic,Astralis,16,13,4,7
1091,FunPlus Phoenix,Astralis,16,7,18,7
1092,Liquid,Astralis,2,1,14,7
1093,Liquid,Astralis,16,14,14,7
1094,Liquid,Astralis,19,15,14,7
1095,Liquid,Astralis,22,20,14,7
1096,mousesports,Astralis,2,0,8,7
1097,mousesports,Astralis,2,1,8,7
1098,mousesports,Astralis,16,14,8,7
1099,mousesports,Astralis,16,2,8,7
1100,mousesports,Astralis,2,1,8,7
1101,mousesports,Astralis,16,12,8,7
1102,mousesports,Astralis,25,22,8,7
1103,mousesports,Astralis,16,8,8,7
1104,FURIA,Astralis,2,0,12,7
1105,FURIA,Astralis,2,1,12,7
1106,FURIA,Astralis,16,14,12,7
1107,fnatic,Astralis,2,1,30,7
1108,fnatic,Astralis,2,0,30,7
1109,fnatic,Astralis,16,8,30,7
1110,fnatic,Astralis,16,7,30,7
1111,fnatic,Astralis,16,8,30,7
1112,fnatic,Astralis,16,8,30,7
1113,fnatic,Astralis,16,4,30,7
1114,fnatic,Astralis,22,19,30,7
1115,FaZe,Astralis,16,5,29,7
1116,FaZe,Astralis,2,0,29,7
1117,FaZe,Astralis,2,0,29,7
1118,FaZe,Astralis,16,5,29,7
1119,FaZe,Astralis,16,13,29,7
1120,FaZe,Astralis,2,0,29,7
1121,FaZe,Astralis,16,14,29,7
1122,FaZe,Astralis,16,10,29,7
1123,ENCE,Spirit,2,0,22,15
1124,ENCE,Spirit,2,1,22,15
1125,NIP,Spirit,2,0,6,15
1126,NIP,Spirit,2,0,6,15
1127,NIP,Spirit,2,1,6,15
1128,Gambit,Spirit,2,0,1,15
1129,Gambit,Spirit,2,1,1,15
1130,Gambit,Spirit,2,0,1,15
1131,Gambit,Spirit,2,1,1,15
1132,Gambit,Spirit,3,1,1,15
1133,Natus Vincere,Spirit,2,0,2,15
1134,Natus Vincere,Spirit,2,0,2,15
1135,Natus Vincere,Spirit,2,1,2,15
1136,G2,Spirit,19,16,3,15
1137,G2,Spirit,2,1,3,15
1138,G2,Spirit,2,0,3,15
1139,forZe,Spirit,2,0,17,15
1140,forZe,Spirit,2,1,17,15
1141,forZe,Spirit,16,14,17,15
1142,forZe,Spirit,2,0,17,15
1143,forZe,Spirit,16,6,17,15
1144,BIG,Spirit,2,0,9,15
1145,BIG,Spirit,2,0,9,15
1146,BIG,Spirit,2,1,9,15
1147,Complexity,Spirit,2,1,13,15
1148,OG,Spirit,2,1,11,15
1149,Vitality,Spirit,2,0,10,15
1150,Vitality,Spirit,2,0,10,15
1151,Vitality,Spirit,16,10,10,15
1152,Vitality,Spirit,2,1,10,15
1153,Vitality,Spirit,16,10,10,15
1154,Virtus.pro,Spirit,2,1,5,15
1155,Virtus.pro,Spirit,2,1,5,15
1156,Virtus.pro,Spirit,2,0,5,15
1157,Virtus.pro,Spirit,2,1,5,15
1158,Virtus.pro,Spirit,2,1,5,15
1159,Virtus.pro,Spirit,16,7,5,15
1160,Virtus.pro,Spirit,16,12,5,15
1161,Evil Geniuses,Spirit,16,9,20,15
1162,Astralis,Spirit,2,0,7,15
1163,Astralis,Spirit,2,0,7,15
1164,Astralis,Spirit,2,0,7,15
1165,Astralis,Spirit,16,3,7,15
1166,Heroic,Spirit,2,0,4,15
1167,Heroic,Spirit,2,0,4,15
1168,Heroic,Spirit,2,0,4,15
1169,Heroic,Spirit,2,1,4,15
1170,Heroic,Spirit,2,0,4,15
1171,Liquid,Spirit,2,0,14,15
1172,mousesports,Spirit,2,1,8,15
1173,mousesports,Spirit,16,5,8,15
1174,FURIA,Spirit,2,0,12,15
1175,fnatic,Spirit,2,1,30,15
1176,FaZe,Spirit,2,1,29,15
1177,ENCE,BIG,2,1,22,9
1178,ENCE,BIG,2,1,22,9
1179,NIP,BIG,2,0,6,9
1180,NIP,BIG,2,1,6,9
1181,NIP,BIG,2,0,6,9
1182,NIP,BIG,2,1,6,9
1183,NIP,BIG,2,0,6,9
1184,NIP,BIG,2,1,6,9
1185,NIP,BIG,16,13,6,9
1186,NIP,BIG,2,0,6,9
1187,Gambit,BIG,2,1,1,9
1188,Gambit,BIG,2,0,1,9
1189,Gambit,BIG,2,1,1,9
1190,Natus Vincere,BIG,2,0,2,9
1191,Natus Vincere,BIG,2,0,2,9
1192,Natus Vincere,BIG,2,0,2,9
1193,Natus Vincere,BIG,2,0,2,9
1194,Natus Vincere,BIG,2,0,2,9
1195,Natus Vincere,BIG,3,1,2,9
1196,Natus Vincere,BIG,16,1,2,9
1197,Natus Vincere,BIG,16,12,2,9
1198,Natus Vincere,BIG,16,11,2,9
1199,G2,BIG,2,0,3,9
1200,G2,BIG,2,1,3,9
1201,G2,BIG,16,12,3,9
1202,G2,BIG,16,13,3,9
1203,G2,BIG,16,11,3,9
1204,G2,BIG,16,12,3,9
1205,forZe,BIG,2,1,17,9
1206,forZe,BIG,2,1,17,9
1207,Extra Salt,BIG,2,1,21,9
1208,Complexity,BIG,2,0,13,9
1209,Complexity,BIG,2,1,13,9
1210,Complexity,BIG,2,1,13,9
1211,Complexity,BIG,16,8,13,9
1212,Complexity,BIG,16,12,13,9
1213,OG,BIG,2,1,11,9
1214,OG,BIG,2,1,11,9
1215,OG,BIG,2,0,11,9
1216,OG,BIG,2,0,11,9
1217,OG,BIG,2,1,11,9
1218,Vitality,BIG,2,0,10,9
1219,Vitality,BIG,2,1,10,9
1220,Vitality,BIG,2,1,10,9
1221,Vitality,BIG,2,0,10,9
1222,Vitality,BIG,2,0,10,9
1223,Vitality,BIG,2,1,10,9
1224,Vitality,BIG,2,0,10,9
1225,Virtus.pro,BIG,2,1,5,9
1226,Virtus.pro,BIG,2,0,5,9
1227,Spirit,BIG,2,0,15,9
1228,Spirit,BIG,2,1,15,9
1229,Spirit,BIG,2,1,15,9
1230,Spirit,BIG,16,13,15,9
1231,Astralis,BIG,2,0,7,9
1232,Astralis,BIG,2,1,7,9
1233,Astralis,BIG,16,4,7,9
1234,Astralis,BIG,2,1,7,9
1235,Astralis,BIG,16,9,7,9
1236,Astralis,BIG,16,6,7,9
1237,Heroic,BIG,2,0,4,9
1238,Heroic,BIG,2,1,4,9
1239,Heroic,BIG,2,0,4,9
1240,Heroic,BIG,2,1,4,9
1241,Heroic,BIG,2,0,4,9
1242,Heroic,BIG,2,1,4,9
1243,Heroic,BIG,2,0,4,9
1244,Heroic,BIG,2,0,4,9
1245,Heroic,BIG,2,0,4,9
1246,Heroic,BIG,16,11,4,9
1247,Heroic,BIG,2,0,4,9
1248,Heroic,BIG,2,0,4,9
1249,FunPlus Phoenix,BIG,2,1,18,9
1250,FunPlus Phoenix,BIG,2,1,18,9
1251,Liquid,BIG,2,0,14,9
1252,Liquid,BIG,2,0,14,9
1253,Liquid,BIG,16,5,14,9
1254,Liquid,BIG,2,0,14,9
1255,mousesports,BIG,2,0,8,9
1256,mousesports,BIG,2,0,8,9
1257,mousesports,BIG,2,1,8,9
1258,mousesports,BIG,2,1,8,9
1259,mousesports,BIG,2,1,8,9
1260,mousesports,BIG,2,0,8,9
1261,mousesports,BIG,2,0,8,9
1262,mousesports,BIG,2,0,8,9
1263,mousesports,BIG,2,0,8,9
1264,mousesports,BIG,16,7,8,9
1265,mousesports,BIG,22,20,8,9
1266,mousesports,BIG,2,0,8,9
1267,fnatic,BIG,2,0,30,9
1268,fnatic,BIG,2,0,30,9
1269,fnatic,BIG,16,9,30,9
1270,fnatic,BIG,22,19,30,9
1271,fnatic,BIG,16,11,30,9
1272,fnatic,BIG,16,9,30,9
1273,FaZe,BIG,2,0,29,9
1274,FaZe,BIG,2,1,29,9
1275,FaZe,BIG,16,11,29,9
1276,FaZe,BIG,16,8,29,9
1277,ENCE,Virtus.pro,16,3,22,5
1278,ENCE,Virtus.pro,2,0,22,5
1279,NIP,Virtus.pro,2,0,6,5
1280,NIP,Virtus.pro,16,12,6,5
1281,NIP,Virtus.pro,16,12,6,5
1282,NIP,Virtus.pro,16,5,6,5
1283,NIP,Virtus.pro,19,17,6,5
1284,NIP,Virtus.pro,16,9,6,5
1285,NIP,Virtus.pro,16,2,6,5
1286,NIP,Virtus.pro,16,11,6,5
1287,NIP,Virtus.pro,16,9,6,5
1288,NIP,Virtus.pro,16,8,6,5
1289,NIP,Virtus.pro,16,14,6,5
1290,NIP,Virtus.pro,16,6,6,5
1291,NIP,Virtus.pro,2,1,6,5
1292,NIP,Virtus.pro,2,1,6,5
1293,NIP,Virtus.pro,16,13,6,5
1294,NIP,Virtus.pro,2,1,6,5
1295,Gambit,Virtus.pro,3,1,1,5
1296,Gambit,Virtus.pro,3,1,1,5
1297,Gambit,Virtus.pro,2,1,1,5
1298,Gambit,Virtus.pro,2,1,1,5
1299,Gambit,Virtus.pro,16,9,1,5
1300,Natus Vincere,Virtus.pro,2,0,2,5
1301,Natus Vincere,Virtus.pro,2,0,2,5
1302,Natus Vincere,Virtus.pro,2,1,2,5
1303,Natus Vincere,Virtus.pro,2,0,2,5
1304,Natus Vincere,Virtus.pro,16,10,2,5
1305,Natus Vincere,Virtus.pro,16,7,2,5
1306,G2,Virtus.pro,2,0,3,5
1307,G2,Virtus.pro,2,0,3,5
1308,G2,Virtus.pro,2,1,3,5
1309,G2,Virtus.pro,16,2,3,5
1310,G2,Virtus.pro,16,8,3,5
1311,G2,Virtus.pro,2,0,3,5
1312,G2,Virtus.pro,16,13,3,5
1313,G2,Virtus.pro,2,0,3,5
1314,G2,Virtus.pro,16,2,3,5
1315,G2,Virtus.pro,16,12,3,5
1316,G2,Virtus.pro,2,1,3,5
1317,G2,Virtus.pro,16,2,3,5
1318,G2,Virtus.pro,16,7,3,5
1319,G2,Virtus.pro,16,6,3,5
1320,G2,Virtus.pro,16,10,3,5
1321,G2,Virtus.pro,16,13,3,5
1322,G2,Virtus.pro,2,0,3,5
1323,G2,Virtus.pro,16,14,3,5
1324,forZe,Virtus.pro,2,1,17,5
1325,forZe,Virtus.pro,2,0,17,5
1326,forZe,Virtus.pro,2,1,17,5
1327,forZe,Virtus.pro,2,1,17,5
1328,forZe,Virtus.pro,2,0,17,5
1329,forZe,Virtus.pro,16,10,17,5
1330,forZe,Virtus.pro,16,7,17,5
1331,forZe,Virtus.pro,16,10,17,5
1332,forZe,Virtus.pro,2,0,17,5
1333,Entropiq,Virtus.pro,2,0,16,5
1334,BIG,Virtus.pro,2,1,9,5
1335,BIG,Virtus.pro,2,0,9,5
1336,BIG,Virtus.pro,16,8,9,5
1337,BIG,Virtus.pro,2,0,9,5
1338,BIG,Virtus.pro,16,3,9,5
1339,BIG,Virtus.pro,2,0,9,5
1340,Complexity,Virtus.pro,2,1,13,5
1341,OG,Virtus.pro,2,0,11,5
1342,OG,Virtus.pro,2,1,11,5
1343,OG,Virtus.pro,19,17,11,5
1344,Vitality,Virtus.pro,2,0,10,5
1345,Vitality,Virtus.pro,2,0,10,5
1346,Akuma,Virtus.pro,2,0,19,5
1347,Virtus.pro,Virtus.pro,16,2,5,5
1348,Spirit,Virtus.pro,2,0,15,5
1349,Spirit,Virtus.pro,2,1,15,5
1350,Spirit,Virtus.pro,2,1,15,5
1351,Spirit,Virtus.pro,16,13,15,5
1352,Spirit,Virtus.pro,22,19,15,5
1353,Astralis,Virtus.pro,2,1,7,5
1354,Astralis,Virtus.pro,16,14,7,5
1355,Astralis,Virtus.pro,16,8,7,5
1356,Astralis,Virtus.pro,2,0,7,5
1357,Astralis,Virtus.pro,16,12,7,5
1358,Astralis,Virtus.pro,16,8,7,5
1359,Astralis,Virtus.pro,16,7,7,5
1360,Astralis,Virtus.pro,16,8,7,5
1361,Astralis,Virtus.pro,2,1,7,5
1362,Astralis,Virtus.pro,16,9,7,5
1363,Astralis,Virtus.pro,2,1,7,5
1364,Astralis,Virtus.pro,16,11,7,5
1365,Astralis,Virtus.pro,16,4,7,5
1366,Astralis,Virtus.pro,2,0,7,5
1367,Heroic,Virtus.pro,2,0,4,5
1368,Heroic,Virtus.pro,16,4,4,5
1369,Heroic,Virtus.pro,16,14,4,5
1370,Liquid,Virtus.pro,2,0,14,5
1371,Liquid,Virtus.pro,2,0,14,5
1372,mousesports,Virtus.pro,2,0,8,5
1373,mousesports,Virtus.pro,2,0,8,5
1374,mousesports,Virtus.pro,2,1,8,5
1375,mousesports,Virtus.pro,16,6,8,5
1376,mousesports,Virtus.pro,2,0,8,5
1377,mousesports,Virtus.pro,2,1,8,5
1378,mousesports,Virtus.pro,16,5,8,5
1379,mousesports,Virtus.pro,16,11,8,5
1380,mousesports,Virtus.pro,2,1,8,5
1381,mousesports,Virtus.pro,2,0,8,5
1382,mousesports,Virtus.pro,16,5,8,5
1383,mousesports,Virtus.pro,16,2,8,5
1384,mousesports,Virtus.pro,16,12,8,5
1385,mousesports,Virtus.pro,2,0,8,5
1386,mousesports,Virtus.pro,16,9,8,5
1387,FURIA,Virtus.pro,2,1,12,5
1388,FURIA,Virtus.pro,16,9,12,5
1389,fnatic,Virtus.pro,2,1,30,5
1390,fnatic,Virtus.pro,16,6,30,5
1391,fnatic,Virtus.pro,16,14,30,5
1392,fnatic,Virtus.pro,16,4,30,5
1393,fnatic,Virtus.pro,16,10,30,5
1394,fnatic,Virtus.pro,16,10,30,5
1395,fnatic,Virtus.pro,16,7,30,5
1396,fnatic,Virtus.pro,2,0,30,5
1397,fnatic,Virtus.pro,2,0,30,5
1398,fnatic,Virtus.pro,2,0,30,5
1399,fnatic,Virtus.pro,2,0,30,5
1400,fnatic,Virtus.pro,2,0,30,5
1401,fnatic,Virtus.pro,16,14,30,5
1402,fnatic,Virtus.pro,3,0,30,5
1403,fnatic,Virtus.pro,16,10,30,5
1404,fnatic,Virtus.pro,16,9,30,5
1405,FaZe,Virtus.pro,2,0,29,5
1406,FaZe,Virtus.pro,2,0,29,5
1407,FaZe,Virtus.pro,19,17,29,5
1408,FaZe,Virtus.pro,16,8,29,5
1409,FaZe,Virtus.pro,2,1,29,5
1410,FaZe,Virtus.pro,16,12,29,5
1411,FaZe,Virtus.pro,16,6,29,5
1412,FaZe,Virtus.pro,16,5,29,5
1413,FaZe,Virtus.pro,16,8,29,5
1414,Endpoint,Evil Geniuses,2,0,26,20
1415,NIP,Evil Geniuses,2,0,6,20
1416,NIP,Evil Geniuses,2,0,6,20
1417,NIP,Evil Geniuses,2,1,6,20
1418,Gambit,Evil Geniuses,2,0,1,20
1419,Gambit,Evil Geniuses,2,0,1,20
1420,G2,Evil Geniuses,2,0,3,20
1421,G2,Evil Geniuses,2,0,3,20
1422,forZe,Evil Geniuses,2,1,17,20
1423,BIG,Evil Geniuses,2,0,9,20
1424,BIG,Evil Geniuses,2,1,9,20
1425,Complexity,Evil Geniuses,2,0,13,20
1426,OG,Evil Geniuses,2,1,11,20
1427,OG,Evil Geniuses,2,1,11,20
1428,OG,Evil Geniuses,2,1,11,20
1429,Virtus.pro,Evil Geniuses,2,1,5,20
1430,Astralis,Evil Geniuses,2,0,7,20
1431,Astralis,Evil Geniuses,2,1,7,20
1432,Astralis,Evil Geniuses,2,1,7,20
1433,FunPlus Phoenix,Evil Geniuses,2,0,18,20
1434,Liquid,Evil Geniuses,2,0,14,20
1435,Liquid,Evil Geniuses,2,0,14,20
1436,Liquid,Evil Geniuses,3,0,14,20
1437,Liquid,Evil Geniuses,2,0,14,20
1438,Liquid,Evil Geniuses,2,1,14,20
1439,Liquid,Evil Geniuses,2,1,14,20
1440,Liquid,Evil Geniuses,2,0,14,20
1441,mousesports,Evil Geniuses,2,0,8,20
1442,mousesports,Evil Geniuses,2,0,8,20
1443,mousesports,Evil Geniuses,2,0,8,20
1444,FURIA,Evil Geniuses,2,0,12,20
1445,FURIA,Evil Geniuses,2,0,12,20
1446,FURIA,Evil Geniuses,2,0,12,20
1447,FURIA,Evil Geniuses,2,0,12,20
1448,FURIA,Evil Geniuses,2,0,12,20
1449,fnatic,Evil Geniuses,2,1,30,20
1450,FaZe,Evil Geniuses,2,1,29,20
1451,FaZe,Evil Geniuses,2,0,29,20
1452,Endpoint,fnatic,2,0,26,30
1453,NIP,fnatic,2,1,6,30
1454,NIP,fnatic,2,1,6,30
1455,NIP,fnatic,2,1,6,30
1456,NIP,fnatic,16,13,6,30
1457,NIP,fnatic,16,11,6,30
1458,NIP,fnatic,16,4,6,30
1459,NIP,fnatic,19,17,6,30
1460,NIP,fnatic,2,0,6,30
1461,NIP,fnatic,2,1,6,30
1462,NIP,fnatic,16,7,6,30
1463,NIP,fnatic,3,1,6,30
1464,NIP,fnatic,16,7,6,30
1465,NIP,fnatic,2,1,6,30
1466,NIP,fnatic,16,6,6,30
1467,NIP,fnatic,16,8,6,30
1468,NIP,fnatic,16,6,6,30
1469,NIP,fnatic,16,10,6,30
1470,Fiend,fnatic,2,1,23,30
1471,Gambit,fnatic,16,8,1,30
1472,Natus Vincere,fnatic,2,0,2,30
1473,Natus Vincere,fnatic,2,1,2,30
1474,Natus Vincere,fnatic,3,0,2,30
1475,Natus Vincere,fnatic,16,11,2,30
1476,Natus Vincere,fnatic,22,20,2,30
1477,Natus Vincere,fnatic,2,0,2,30
1478,Natus Vincere,fnatic,16,9,2,30
1479,Natus Vincere,fnatic,2,1,2,30
1480,Natus Vincere,fnatic,16,13,2,30
1481,Natus Vincere,fnatic,25,22,2,30
1482,Natus Vincere,fnatic,16,7,2,30
1483,Natus Vincere,fnatic,16,5,2,30
1484,Natus Vincere,fnatic,16,11,2,30
1485,Natus Vincere,fnatic,2,3,2,30
1486,G2,fnatic,2,0,3,30
1487,G2,fnatic,2,1,3,30
1488,G2,fnatic,2,0,3,30
1489,G2,fnatic,2,0,3,30
1490,G2,fnatic,16,10,3,30
1491,G2,fnatic,16,10,3,30
1492,G2,fnatic,16,9,3,30
1493,G2,fnatic,16,10,3,30
1494,G2,fnatic,16,13,3,30
1495,G2,fnatic,16,11,3,30
1496,G2,fnatic,16,14,3,30
1497,G2,fnatic,16,10,3,30
1498,G2,fnatic,16,9,3,30
1499,G2,fnatic,16,9,3,30
1500,forZe,fnatic,2,0,17,30
1501,BIG,fnatic,2,0,9,30
1502,BIG,fnatic,2,0,9,30
1503,BIG,fnatic,2,1,9,30
1504,BIG,fnatic,16,5,9,30
1505,Complexity,fnatic,2,0,13,30
1506,Complexity,fnatic,2,0,13,30
1507,Complexity,fnatic,2,1,13,30
1508,Complexity,fnatic,16,4,13,30
1509,OG,fnatic,16,9,11,30
1510,OG,fnatic,2,0,11,30
1511,OG,fnatic,2,1,11,30
1512,OG,fnatic,2,1,11,30
1513,Vitality,fnatic,2,1,10,30
1514,Vitality,fnatic,2,1,10,30
1515,Vitality,fnatic,2,0,10,30
1516,Vitality,fnatic,2,0,10,30
1517,Vitality,fnatic,2,0,10,30
1518,Virtus.pro,fnatic,16,10,5,30
1519,Virtus.pro,fnatic,2,0,5,30
1520,Virtus.pro,fnatic,2,0,5,30
1521,Virtus.pro,fnatic,2,1,5,30
1522,Virtus.pro,fnatic,16,10,5,30
1523,Virtus.pro,fnatic,16,13,5,30
1524,Virtus.pro,fnatic,2,1,5,30
1525,Virtus.pro,fnatic,2,1,5,30
1526,Virtus.pro,fnatic,16,6,5,30
1527,Virtus.pro,fnatic,16,14,5,30
1528,Virtus.pro,fnatic,2,0,5,30
1529,Virtus.pro,fnatic,16,6,5,30
1530,Virtus.pro,fnatic,16,11,5,30
1531,Evil Geniuses,fnatic,16,3,20,30
1532,Evil Geniuses,fnatic,2,0,20,30
1533,Evil Geniuses,fnatic,2,1,20,30
1534,Spirit,fnatic,2,0,15,30
1535,Astralis,fnatic,2,0,7,30
1536,Astralis,fnatic,2,1,7,30
1537,Astralis,fnatic,2,1,7,30
1538,Astralis,fnatic,2,0,7,30
1539,Astralis,fnatic,2,0,7,30
1540,Astralis,fnatic,2,0,7,30
1541,Astralis,fnatic,2,0,7,30
1542,Astralis,fnatic,2,0,7,30
1543,Astralis,fnatic,2,1,7,30
1544,Astralis,fnatic,16,7,7,30
1545,Astralis,fnatic,16,1,7,30
1546,Astralis,fnatic,16,4,7,30
1547,Astralis,fnatic,16,12,7,30
1548,Astralis,fnatic,2,0,7,30
1549,Astralis,fnatic,16,7,7,30
1550,Astralis,fnatic,16,1,7,30
1551,Astralis,fnatic,16,10,7,30
1552,Astralis,fnatic,2,0,7,30
1553,Astralis,fnatic,2,0,7,30
1554,Astralis,fnatic,19,15,7,30
1555,Astralis,fnatic,16,8,7,30
1556,Astralis,fnatic,16,5,7,30
1557,Heroic,fnatic,2,0,4,30
1558,Heroic,fnatic,2,1,4,30
1559,Heroic,fnatic,2,0,4,30
1560,Heroic,fnatic,2,1,4,30
1561,Heroic,fnatic,16,13,4,30
1562,Heroic,fnatic,2,1,4,30
1563,Heroic,fnatic,16,8,4,30
1564,Liquid,fnatic,2,0,14,30
1565,Liquid,fnatic,2,1,14,30
1566,Liquid,fnatic,3,2,14,30
1567,mousesports,fnatic,2,0,8,30
1568,mousesports,fnatic,2,1,8,30
1569,mousesports,fnatic,2,1,8,30
1570,mousesports,fnatic,3,0,8,30
1571,mousesports,fnatic,2,0,8,30
1572,mousesports,fnatic,2,0,8,30
1573,mousesports,fnatic,16,5,8,30
1574,mousesports,fnatic,16,7,8,30
1575,mousesports,fnatic,2,1,8,30
1576,mousesports,fnatic,2,1,8,30
1577,mousesports,fnatic,16,14,8,30
1578,mousesports,fnatic,16,9,8,30
1579,mousesports,fnatic,16,8,8,30
1580,mousesports,fnatic,2,0,8,30
1581,mousesports,fnatic,16,10,8,30
1582,mousesports,fnatic,2,1,8,30
1583,mousesports,fnatic,16,11,8,30
1584,FURIA,fnatic,2,0,12,30
1585,FaZe,fnatic,2,0,29,30
1586,FaZe,fnatic,16,11,29,30
1587,FaZe,fnatic,16,6,29,30
1588,FaZe,fnatic,16,14,29,30
1589,FaZe,fnatic,16,8,29,30
1590,FaZe,fnatic,2,0,29,30
1591,FaZe,fnatic,16,13,29,30
1592,FaZe,fnatic,16,11,29,30
1593,FaZe,fnatic,2,1,29,30
1594,Endpoint,forZe,2,0,26,17
1595,Endpoint,forZe,2,0,26,17
1596,Endpoint,forZe,16,9,26,17
1597,Endpoint,forZe,16,11,26,17
1598,Endpoint,forZe,2,1,26,17
1599,Endpoint,forZe,2,0,26,17
1600,Endpoint,forZe,2,0,26,17
1601,Endpoint,forZe,2,1,26,17
1602,Fiend,forZe,2,0,23,17
1603,Gambit,forZe,2,0,1,17
1604,Gambit,forZe,2,1,1,17
1605,Natus Vincere,forZe,2,0,2,17
1606,Natus Vincere,forZe,2,1,2,17
1607,G2,forZe,2,0,3,17
1608,Entropiq,forZe,2,0,16,17
1609,BIG,forZe,2,0,9,17
1610,BIG,forZe,2,0,9,17
1611,BIG,forZe,2,0,9,17
1612,Extra Salt,forZe,2,1,21,17
1613,Complexity,forZe,2,1,13,17
1614,SKADE,forZe,2,1,28,17
1615,OG,forZe,2,0,11,17
1616,Vitality,forZe,16,10,10,17
1617,Vitality,forZe,1,0,10,17
1618,Virtus.pro,forZe,2,1,5,17
1619,Virtus.pro,forZe,2,0,5,17
1620,Virtus.pro,forZe,2,1,5,17
1621,Evil Geniuses,forZe,2,0,20,17
1622,Spirit,forZe,2,1,15,17
1623,Spirit,forZe,2,1,15,17
1624,Spirit,forZe,2,1,15,17
1625,Spirit,forZe,2,1,15,17
1626,Spirit,forZe,2,1,15,17
1627,Spirit,forZe,2,1,15,17
1628,Spirit,forZe,16,0,15,17
1629,Spirit,forZe,2,0,15,17
1630,Spirit,forZe,16,11,15,17
1631,Spirit,forZe,2,0,15,17
1632,Spirit,forZe,16,13,15,17
1633,Spirit,forZe,2,0,15,17
1634,Heroic,forZe,2,0,4,17
1635,Heroic,forZe,2,1,4,17
1636,Heroic,forZe,2,0,4,17
1637,FunPlus Phoenix,forZe,2,1,18,17
1638,Liquid,forZe,2,1,14,17
1639,mousesports,forZe,2,0,8,17
1640,mousesports,forZe,16,6,8,17
1641,fnatic,forZe,2,1,30,17
1642,FaZe,forZe,2,0,29,17
1643,NIP,FunPlus Phoenix,2,0,6,18
1644,G2,FunPlus Phoenix,2,1,3,18
1645,Complexity,FunPlus Phoenix,2,1,13,18
1646,Complexity,FunPlus Phoenix,2,0,13,18
1647,Vitality,FunPlus Phoenix,2,1,10,18
1648,Evil Geniuses,FunPlus Phoenix,2,0,20,18
1649,Spirit,FunPlus Phoenix,3,0,15,18
1650,Heroic,FunPlus Phoenix,2,0,4,18
1651,FURIA,FunPlus Phoenix,2,1,12,18
1652,NIP,Complexity,2,1,6,13
1653,NIP,Complexity,16,7,6,13
1654,Gambit,Complexity,2,0,1,13
1655,Gambit,Complexity,2,1,1,13
1656,Gambit,Complexity,2,0,1,13
1657,Gambit,Complexity,16,14,1,13
1658,Natus Vincere,Complexity,2,1,2,13
1659,Natus Vincere,Complexity,2,0,2,13
1660,Natus Vincere,Complexity,2,1,2,13
1661,Natus Vincere,Complexity,2,0,2,13
1662,G2,Complexity,2,1,3,13
1663,forZe,Complexity,2,1,17,13
1664,forZe,Complexity,2,0,17,13
1665,forZe,Complexity,2,1,17,13
1666,BIG,Complexity,2,0,9,13
1667,BIG,Complexity,2,0,9,13
1668,BIG,Complexity,2,0,9,13
1669,BIG,Complexity,2,0,9,13
1670,BIG,Complexity,2,0,9,13
1671,BIG,Complexity,2,1,9,13
1672,BIG,Complexity,2,1,9,13
1673,BIG,Complexity,16,8,9,13
1674,Complexity,Complexity,2,0,13,13
1675,SKADE,Complexity,16,14,28,13
1676,Vitality,Complexity,16,8,10,13
1677,Vitality,Complexity,2,0,10,13
1678,Vitality,Complexity,2,0,10,13
1679,Vitality,Complexity,2,0,10,13
1680,Vitality,Complexity,2,1,10,13
1681,Vitality,Complexity,2,0,10,13
1682,Vitality,Complexity,2,0,10,13
1683,Vitality,Complexity,16,9,10,13
1684,Evil Geniuses,Complexity,2,0,20,13
1685,Evil Geniuses,Complexity,2,1,20,13
1686,Astralis,Complexity,2,0,7,13
1687,Astralis,Complexity,2,0,7,13
1688,Astralis,Complexity,2,0,7,13
1689,Astralis,Complexity,16,4,7,13
1690,Heroic,Complexity,2,0,4,13
1691,Heroic,Complexity,2,1,4,13
1692,Heroic,Complexity,2,0,4,13
1693,Heroic,Complexity,2,1,4,13
1694,Heroic,Complexity,2,1,4,13
1695,FunPlus Phoenix,Complexity,2,0,18,13
1696,Liquid,Complexity,2,1,14,13
1697,Liquid,Complexity,16,10,14,13
1698,Liquid,Complexity,16,10,14,13
1699,Liquid,Complexity,16,6,14,13
1700,Liquid,Complexity,16,6,14,13
1701,Liquid,Complexity,2,1,14,13
1702,Liquid,Complexity,2,1,14,13
1703,Liquid,Complexity,2,0,14,13
1704,Liquid,Complexity,25,22,14,13
1705,Liquid,Complexity,16,11,14,13
1706,Liquid,Complexity,19,17,14,13
1707,Liquid,Complexity,16,9,14,13
1708,mousesports,Complexity,2,0,8,13
1709,mousesports,Complexity,2,1,8,13
1710,mousesports,Complexity,2,0,8,13
1711,FURIA,Complexity,2,0,12,13
1712,FURIA,Complexity,2,0,12,13
1713,FURIA,Complexity,2,1,12,13
1714,FURIA,Complexity,2,0,12,13
1715,FURIA,Complexity,2,0,12,13
1716,FURIA,Complexity,2,1,12,13
1717,FURIA,Complexity,2,1,12,13
1718,fnatic,Complexity,2,0,30,13
1719,fnatic,Complexity,2,0,30,13
1720,fnatic,Complexity,2,1,30,13
1721,fnatic,Complexity,2,0,30,13
1722,FaZe,Complexity,2,1,29,13
1723,FaZe,Complexity,2,1,29,13
1724,NIP,ENCE,2,1,6,22
1725,NIP,ENCE,2,0,6,22
1726,NIP,ENCE,16,5,6,22
1727,NIP,ENCE,2,0,6,22
1728,NIP,ENCE,2,0,6,22
1729,Gambit,ENCE,2,1,1,22
1730,Natus Vincere,ENCE,2,1,2,22
1731,G2,ENCE,2,0,3,22
1732,G2,ENCE,2,1,3,22
1733,G2,ENCE,2,1,3,22
1734,DBL PONEY,ENCE,2,1,27,22
1735,BIG,ENCE,2,0,9,22
1736,BIG,ENCE,2,1,9,22
1737,Complexity,ENCE,2,1,13,22
1738,Complexity,ENCE,2,1,13,22
1739,SKADE,ENCE,2,1,28,22
1740,SKADE,ENCE,2,0,28,22
1741,OG,ENCE,2,1,11,22
1742,OG,ENCE,2,0,11,22
1743,Vitality,ENCE,2,1,10,22
1744,Vitality,ENCE,2,1,10,22
1745,Vitality,ENCE,2,1,10,22
1746,Vitality,ENCE,16,7,10,22
1747,Vitality,ENCE,16,13,10,22
1748,Vitality,ENCE,2,1,10,22
1749,Vitality,ENCE,19,17,10,22
1750,Virtus.pro,ENCE,2,1,5,22
1751,Spirit,ENCE,2,0,15,22
1752,Spirit,ENCE,19,17,15,22
1753,Astralis,ENCE,2,0,7,22
1754,Astralis,ENCE,2,1,7,22
1755,Astralis,ENCE,2,1,7,22
1756,Astralis,ENCE,16,14,7,22
1757,Astralis,ENCE,2,0,7,22
1758,Astralis,ENCE,16,5,7,22
1759,Heroic,ENCE,2,1,4,22
1760,Heroic,ENCE,2,1,4,22
1761,Heroic,ENCE,16,10,4,22
1762,Liquid,ENCE,3,0,14,22
1763,Liquid,ENCE,2,1,14,22
1764,Liquid,ENCE,16,3,14,22
1765,mousesports,ENCE,2,1,8,22
1766,mousesports,ENCE,2,0,8,22
1767,FaZe,ENCE,2,0,29,22
1768,FaZe,ENCE,2,1,29,22
1769,FaZe,ENCE,2,1,29,22
1770,FaZe,ENCE,2,1,29,22
1771,NIP,OG,2,0,6,11
1772,NIP,OG,2,0,6,11
1773,Gambit,OG,3,0,1,11
1774,Natus Vincere,OG,2,1,2,11
1775,Natus Vincere,OG,2,1,2,11
1776,Natus Vincere,OG,2,0,2,11
1777,G2,OG,2,1,3,11
1778,G2,OG,2,1,3,11
1779,G2,OG,2,1,3,11
1780,G2,OG,2,0,3,11
1781,G2,OG,16,9,3,11
1782,forZe,OG,2,1,17,11
1783,BIG,OG,2,0,9,11
1784,BIG,OG,2,0,9,11
1785,BIG,OG,2,0,9,11
1786,BIG,OG,2,1,9,11
1787,BIG,OG,2,1,9,11
1788,Complexity,OG,2,0,13,11
1789,Complexity,OG,2,0,13,11
1790,Complexity,OG,2,0,13,11
1791,Complexity,OG,2,1,13,11
1792,Vitality,OG,2,0,10,11
1793,Vitality,OG,2,0,10,11
1794,Vitality,OG,2,0,10,11
1795,Virtus.pro,OG,2,1,5,11
1796,Virtus.pro,OG,2,1,5,11
1797,Virtus.pro,OG,19,15,5,11
1798,Spirit,OG,2,0,15,11
1799,Astralis,OG,2,0,7,11
1800,Astralis,OG,2,0,7,11
1801,Astralis,OG,2,0,7,11
1802,Heroic,OG,2,1,4,11
1803,Heroic,OG,2,0,4,11
1804,Heroic,OG,2,0,4,11
1805,Heroic,OG,2,0,4,11
1806,FunPlus Phoenix,OG,2,1,18,11
1807,Liquid,OG,2,1,14,11
1808,mousesports,OG,2,0,8,11
1809,mousesports,OG,2,1,8,11
1810,mousesports,OG,16,14,8,11
1811,mousesports,OG,16,8,8,11
1812,FURIA,OG,2,1,12,11
1813,fnatic,OG,2,1,30,11
1814,fnatic,OG,2,1,30,11
1815,fnatic,OG,2,1,30,11
1816,FaZe,OG,2,0,29,11
1817,FaZe,OG,2,1,29,11
1818,FaZe,OG,3,0,29,11
1819,FaZe,OG,2,0,29,11
1820,FaZe,OG,2,0,29,11
1821,Fiend,Entropiq,2,1,23,16
1822,Gambit,Entropiq,2,1,1,16
1823,Natus Vincere,Entropiq,2,0,2,16
1824,BIG,Entropiq,2,0,9,16
1825,Virtus.pro,Entropiq,2,0,5,16
1826,Spirit,Entropiq,2,0,15,16
1827,EXTREMUM,O PLANO,2,0,25,24
1828,Extra Salt,O PLANO,2,0,21,24
1829,FURIA,O PLANO,2,0,12,24
1830,EXTREMUM,Extra Salt,2,1,25,21
1831,G2,Extra Salt,16,1,3,21
1832,BIG,Extra Salt,3,2,9,21
1833,SKADE,Extra Salt,2,0,28,21
1834,Vitality,Extra Salt,2,1,10,21
1835,Spirit,Extra Salt,2,0,15,21
1836,Astralis,Extra Salt,2,0,7,21
1837,Astralis,Extra Salt,16,8,7,21
1838,FURIA,Extra Salt,2,1,12,21
1839,Gambit,Akuma,2,0,1,19
1840,Gambit,Akuma,2,0,1,19
1841,Virtus.pro,Akuma,2,0,5,19
1842,Natus Vincere,Gambit,2,0,2,1
1843,Natus Vincere,Gambit,3,0,2,1
1844,Natus Vincere,Gambit,2,0,2,1
1845,Natus Vincere,Gambit,2,0,2,1
1846,G2,Gambit,16,10,3,1
1847,G2,Gambit,16,6,3,1
1848,G2,Gambit,22,19,3,1
1849,forZe,Gambit,2,1,17,1
1850,BIG,Gambit,16,8,9,1
1851,BIG,Gambit,2,0,9,1
1852,Vitality,Gambit,2,0,10,1
1853,Virtus.pro,Gambit,2,1,5,1
1854,Virtus.pro,Gambit,16,9,5,1
1855,Virtus.pro,Gambit,16,12,5,1
1856,Virtus.pro,Gambit,2,1,5,1
1857,Virtus.pro,Gambit,16,10,5,1
1858,Evil Geniuses,Gambit,2,0,20,1
1859,Spirit,Gambit,2,0,15,1
1860,Spirit,Gambit,2,1,15,1
1861,Astralis,Gambit,2,0,7,1
1862,Astralis,Gambit,2,0,7,1
1863,Astralis,Gambit,16,10,7,1
1864,Heroic,Gambit,3,2,4,1
1865,Heroic,Gambit,2,0,4,1
1866,Heroic,Gambit,2,1,4,1
1867,FunPlus Phoenix,Gambit,2,1,18,1
1868,FunPlus Phoenix,Gambit,2,1,18,1
1869,Liquid,Gambit,16,10,14,1
1870,Liquid,Gambit,19,16,14,1
1871,mousesports,Gambit,16,7,8,1
1872,mousesports,Gambit,2,0,8,1
1873,mousesports,Gambit,2,1,8,1
1874,fnatic,Gambit,16,8,30,1
1875,fnatic,Gambit,16,2,30,1
1876,fnatic,Gambit,2,1,30,1
1877,FaZe,Gambit,2,1,29,1
1878,forZe,EXTREMUM,2,1,17,25
1879,Extra Salt,EXTREMUM,2,0,21,25
1880,Spirit,EXTREMUM,2,0,15,25
1881,Spirit,EXTREMUM,2,1,15,25
1882,Liquid,EXTREMUM,2,1,14,25
1883,FURIA,EXTREMUM,2,0,12,25
1884,fnatic,EXTREMUM,2,1,30,25
